city,country,country_code,email,facebook,google_business_categories,google_maps_url,instagram,linkedin,name,opening_date,phone_number,review_score,reviews_number,source_run_id,source_type,street,url
Kiama NSW 2533,,AU,info@o2bcool.com.au,https://www.facebook.com/o2bcool/,air_conditioning_contractor|air_conditioning_repair_service|air_conditioning_store|air_conditioning_system_supplier|commercial_refrigerator_supplier|hvac_contractor|refrigerated_transport_service|refrigerator_repair_service|repair_service,https://www.google.com/maps?cid=3435718460440639628,NA,NA,O2B Cool Refrigeration & Air Conditioning ; Installation,,+61 403 289 502,4.6,9,f5hcgdr4Pr14BUpaP,manual_run,11 Brown St,http://www.o2bcool.com.au/
Port Macquarie NSW 2444,,AU,sales@lawsonair.com.au,https://www.facebook.com/LawsonAir,air_conditioning_contractor|air_conditioning_repair_service|air_conditioning_store|air_conditioning_system_supplier|heating_equipment_supplier|hvac_contractor,https://www.google.com/maps?cid=5501619107435102068,https://www.instagram.com/lawsonair/,,Lawson Air Conditioning - Port Macquarie,,+61 2 6581 2420,,,f5hcgdr4Pr14BUpaP,manual_run,Unit 6/51 Jindalee Rd,https://www.lawsonair.com.au/?utm_source=GMB&utm_medium=GMB&utm_campaign=GMB_PORT_LOC
Calderwood NSW 2574,,AU,info@deaircon.com.au,https://www.facebook.com/deairconditioning,air_conditioning_contractor|air_conditioning_repair_service|air_conditioning_system_supplier|establishment_service|hvac_contractor,https://www.google.com/maps?cid=17073675173383827672,https://www.instagram.com/deaircon/,NA,DE Air Conditioning Services,,+61 459 298 331,4.9,96,f5hcgdr4Pr14BUpaP,manual_run,,https://www.deaircon.com.au/
Unanderra NSW 2526,,AU,service@axisair.com.au,https://www.facebook.com/axisair.com.au,air_conditioning_contractor|air_conditioning_repair_service|air_conditioning_system_supplier|hvac_contractor,https://www.google.com/maps?cid=10798167989288211007,NA,https://www.linkedin.com/in/adam-stephens-42896464/,Axis Align,,+61 2 4237 8888,5,5,f5hcgdr4Pr14BUpaP,manual_run,Unit 3/7 Investigator Dr,http://www.axisalign.com.au/
Calderwood NSW 2574,,AU,u003econtact@seabreeze.net.au,NA,air_conditioning_contractor|air_conditioning_repair_service|air_duct_cleaning_service|establishment_service|hvac_contractor,https://www.google.com/maps?cid=86096773003550167,NA,NA,Seabreeze Air Conditioning: Wollongong,,+61 417 290 518,4.9,22,f5hcgdr4Pr14BUpaP,manual_run,,https://seabreeze.net.au/?utm_source=google&utm_medium=organic&utm_campaign=gmb
Mangerton NSW 2525,,AU,rspairconditioning@gmail.com,NA,air_conditioning_contractor|air_conditioning_system_supplier|establishment_service|hvac_contractor,https://www.google.com/maps?cid=542320970495621274,NA,NA,RSP AIR Conditioning,,+61 403 179 322,5,35,f5hcgdr4Pr14BUpaP,manual_run,,http://rspairconditioning.com.au/
Cleve SA 5602,,AU,service@aironeyre.com.au,https://www.facebook.com/386617007865742,air_conditioning_contractor|establishment_service|hvac_contractor|refrigerator_repair_service,https://www.google.com/maps?cid=12866003798062970663,https://www.instagram.com/aironeyre/,,Air on Eyre,,+61 491 226 778,5,9,f5hcgdr4Pr14BUpaP,manual_run,,https://aironeyre.com.au/
Port Melbourne VIC 3207,,AU,info@autobt.com.au,,air_conditioning_store|hvac_contractor,https://www.google.com/maps?cid=5292637664974674523,,,Automated Building Technology (ABT),,+61 3 9681 8188,5,4,f5hcgdr4Pr14BUpaP,manual_run,3/73 Wharf Rd,http://autobt.com.au/
Canowindra NSW 2804,,AU,todd@breezeelectricalservices.com.au,https://www.facebook.com/489472654251901,electrician|air_conditioning_contractor|establishment_service|hvac_contractor,https://www.google.com/maps?cid=8339541883520679432,https://www.instagram.com/breeze_electrical_services,,Breeze Electrical Services,,+61 458 586 828,5,4,f5hcgdr4Pr14BUpaP,manual_run,,https://breezeelectricalservices.com.au/
Yass NSW 2582,,AU,joshua@highlandacr.com,https://www.facebook.com/Highland-ACR-107646324310517/,hvac_contractor,https://www.google.com/maps?cid=15170368593494148976,https://www.instagram.com/highlandacandr/,,Highland AC&R,,+61 405 205 053,5,11,f5hcgdr4Pr14BUpaP,manual_run,25 Merriman Dr,https://www.highlandacr.com/
Hawthorn East VIC 3123,,AU,Service.Vic@aesmith.com.au,NA,hvac_contractor,https://www.google.com/maps?cid=6813938434319603092,NA,NA,AE Smith,,+61 1300 313 313,,,f5hcgdr4Pr14BUpaP,manual_run,26 Cato St,https://aesmith.com.au/ae-smith/
Clayton South VIC 3169,,AU,mail@cfmairsystems.com.au,https://www.facebook.com/860714642735260/posts/912172870922770,hvac_contractor,https://www.google.com/maps?cid=6183370141343993481,https://www.instagram.com/cfmairsystems/,NA,CFM Airsystems,,+61 3 9551 4878,4.2,20,f5hcgdr4Pr14BUpaP,manual_run,106 Fairbank Rd,http://www.cfmairsystems.com.au/
Oakleigh South VIC 3167,,AU,info@blygold.com,NA,hvac_contractor,https://www.google.com/maps?cid=17124619500525216268,NA,https://www.linkedin.com/company/blygold/,Blygold Victoria,,+61 3 9544 6754,5,1,f5hcgdr4Pr14BUpaP,manual_run,25 Fulton St,https://www.blygold.com/
Bentleigh East VIC 3165,,AU,Comfyair@gmail.com,NA,hvac_contractor,https://www.google.com/maps?cid=1791907477188660720,NA,NA,ComfyAir Heating & Cooling Services,,+61 425 721 646,3.6,14,f5hcgdr4Pr14BUpaP,manual_run,41 Blamey St,http://comfyairservices.com.au/
Bayswater VIC 3153,,AU,eben@eyebytes.com,NA,hvac_contractor,https://www.google.com/maps?cid=1088212512153107774,https://www.instagram.com/tla.services/,NA,TLA Services Pty Ltd,,+61 1300 247 552,5,7,f5hcgdr4Pr14BUpaP,manual_run,24 Longstaff Rd,https://www.tlaservices.com.au/
Fyshwick ACT 2609,,AU,info@mintaircon.com,https://www.facebook.com/mintair/,hvac_contractor,https://www.google.com/maps?cid=1064540624745302343,https://www.instagram.com/mintairconditioning/,NA,Mint Airconditioning & Refrigeration,,+61 2 6280 5812,4.8,57,f5hcgdr4Pr14BUpaP,manual_run,Unit 1 13/17 Tennant St,https://mintaircon.com/
Oakleigh VIC 3166,,AU,info@frigritehvac.com.au,https://www.facebook.com/frigriteairconditioningptyltd?_rdr,hvac_contractor,https://www.google.com/maps?cid=9270961588187801113,https://www.instagram.com/frigritehvac/,NA,Frigrite Air Conditioning Pty Ltd,,+61 1300 374 474,,,f5hcgdr4Pr14BUpaP,manual_run,Unit 2/6A Railway Ave,http://frigritehvac.com.au/
Abbotsford VIC 3067,,AU,info@aqueductheating.com.au,,hvac_contractor,https://www.google.com/maps?cid=3263416187914515315,,,Aqueduct Heating Services,,+61 437 197 369,4.9,118,f5hcgdr4Pr14BUpaP,manual_run,32 Little Turner St,http://aqueductheating.com.au/
Oakleigh South VIC 3167,,AU,rodney@downtownair.com.au,https://www.facebook.com/downtownair,hvac_contractor,https://www.google.com/maps?cid=10141758753447240003,NA,NA,Downtown Air Conditioning Services Pty Ltd,,+61 413 858 395,4.6,8,f5hcgdr4Pr14BUpaP,manual_run,23/25 Bunney Rd,http://downtownair.com.au/
Crestwood NSW 2620,,AU,enquiries@globalac.com.au,NA,hvac_contractor,https://www.google.com/maps?cid=6386249179958201389,NA,NA,Global Air Conditioning & Heating,,+61 400 213 387,4.7,45,f5hcgdr4Pr14BUpaP,manual_run,14/37 Lorn Rd,http://www.globalairandheating.com.au/
Burnside Heights VIC 3023,,AU,info.dgtair@gmail.com,NA,hvac_contractor,https://www.google.com/maps?cid=13487330701670056345,https://www.instagram.com/dgt.air/,https://www.linkedin.com/in/dino-tarroza-15734446,DGT Heating and Cooling Services Pty Ltd,,+61 428 079 798,5,83,f5hcgdr4Pr14BUpaP,manual_run,16 Redbox Cres,https://www.dgtair.com/
Collingwood VIC 3066,,AU,info@ecotechrefrigeration.com.au,,hvac_contractor,https://www.google.com/maps?cid=14168751343158847318,,https://www.linkedin.com/company/ecotech-refrigeration/,EcoTech Refrigeration & Mechanical // Controls,,+61 1300 558 338,5,1,f5hcgdr4Pr14BUpaP,manual_run,Suite 1.27/450 Smith St,https://ecotechrefrigeration.com.au/
Port Adelaide SA 5015,,AU,adam@bakerairsolutions.com.au,https://www.facebook.com/profile.php?id=61560503622744,hvac_contractor,https://www.google.com/maps?cid=1768969827961535484,NA,NA,Baker Air Solutions,,+61 451 100 802,5,4,f5hcgdr4Pr14BUpaP,manual_run,28 Liddon Pl,https://bakerairsolutions.com.au/
Ravenhall VIC 3023,,AU,contact@savingenergy.com.au,https://www.facebook.com/share/1JCVGj6kaC/,hvac_contractor,https://www.google.com/maps?cid=11532244784903665127,https://www.instagram.com/saving_energy.au?igsh=bjNnYzRmeW9zdTds,https://www.linkedin.com/company/savingenergy-au/,Saving Energy,,+61 413 385 258,5,1,f5hcgdr4Pr14BUpaP,manual_run,Unit 1/34 Rockfield Wy,https://savingenergy.com.au/
Mornington TAS 7018,,AU,john@doe.com,https://www.facebook.com/contactgrouptasmania,hvac_contractor,https://www.google.com/maps?cid=6022812121153331659,NA,https://www.linkedin.com/company/contactgrouptas,Masters Contracting PTY Ltd.,,+61 3 6234 6588,4,1,f5hcgdr4Pr14BUpaP,manual_run,92 Mornington Rd,https://masterscontracting.com.au/
Kogarah NSW 2217,,AU,testingtest463@gmail.com,https://www.facebook.com/profile.php?id=100063569294465&mibextid=LQQJ4d,hvac_contractor,https://www.google.com/maps?cid=17104887914986854258,NA,https://www.linkedin.com/company/gpac-air-conditioning/,GPAC Air Conditioning And Refrigeration,,+61 1300 714 373,,,f5hcgdr4Pr14BUpaP,manual_run,22 Phillips Rd,https://www.gpacr.com.au/
Berrimah NT 0828,,AU,service@greatnorthernair.com.au,,hvac_contractor,https://www.google.com/maps?cid=12330217133518709494,,,Great Northern Air Conditioning & Mechanical Services,,+61 8 8947 4188,1,1,f5hcgdr4Pr14BUpaP,manual_run,9 Verrinder Rd,https://www.greatnorthernair.com.au/
Clayton South VIC 3169,,AU,admin@xtracta.com.au,https://www.facebook.com/people/Xtracta-Exhaust-Canopy-Solutions/61557301912535/,hvac_contractor,https://www.google.com/maps?cid=14002450243243340910,https://www.instagram.com/xtractaexhaustcanopysolutions/,NA,Xtractair Low Velocity - Exhaust Canopy Solutions,,+61 457 895 385,,,f5hcgdr4Pr14BUpaP,manual_run,197 Osborne Ave,https://xtractair.com.au/
Chermside QLD 4032,,AU,info@hp6.com.au,NA,hvac_contractor,https://www.google.com/maps?cid=16933479727532082672,NA,NA,HP6,,+61 1300 476 669,5,6,f5hcgdr4Pr14BUpaP,manual_run,Unit 11/580 Rode Rd,https://hp6.com.au/
Tullamarine VIC 3043,,AU,info@elecor.com.au,NA,hvac_contractor,https://www.google.com/maps?cid=11665111060489617697,NA,NA,Elecor,,+61 430 171 359,,,f5hcgdr4Pr14BUpaP,manual_run,3 Dib Ct,https://elecor.com.au/
Seaford VIC 3198,,AU,info@airflowductsystems.com.au,https://www.facebook.com/108182064334010,hvac_contractor,https://www.google.com/maps?cid=4171971941622736990,https://www.instagram.com/airflowductsystems,,Airflow Duct Systems,,+61 420 457 263,5,18,f5hcgdr4Pr14BUpaP,manual_run,18 Heversham Dr,http://www.airflowductsystems.com.au/
Carrum Downs VIC 3201,,AU,priority1climatesolutions@gmail.com,,hvac_contractor,https://www.google.com/maps?cid=12908664789879500972,,,Priority 1,,+61 429 545 741,4.4,28,f5hcgdr4Pr14BUpaP,manual_run,Unit 3/2 Silkwood Rise,https://www.priority1climatesolutions.com/
Camberwell VIC 3124,,AU,enquiries@blitzair.com.au,http://www.facebook.com/blitzair,hvac_contractor,https://www.google.com/maps?cid=6288201527854170698,http://www.instagram.com/blitz.air,NA,Blitz Air,,+61 3 7049 9680,3.7,3,f5hcgdr4Pr14BUpaP,manual_run,982-984 Toorak Rd,http://blitzair.com.au/
Clayton VIC 3168,,AU,info@flashairaustralia.com.au,NA,hvac_contractor,https://www.google.com/maps?cid=15527287191103969149,NA,NA,Flashair Australia,,+61 3 9545 1466,4.7,15,f5hcgdr4Pr14BUpaP,manual_run,57-59 Henderson Rd,http://www.flashairaustralia.com.au/contact_us_5.html
Narellan NSW 2567,,AU,info@infinityhvac.com.au,https://www.facebook.com/Infinity-HVAC-598940390255757/?fref=ts,hvac_contractor,https://www.google.com/maps?cid=5746898673030501907,https://www.instagram.com/infinity_hvac_au/,https://www.linkedin.com/company/infinity-hvac-services-pty-ltd/,Infinity Hvac Services Pty Ltd,,+61 1300 699 868,3.2,9,f5hcgdr4Pr14BUpaP,manual_run,14 Bellingham St,http://infinityhvac.com.au/
Mount Waverley VIC 3149,,AU,info@pausco.com.au,https://www.facebook.com/Pausc0/,hvac_contractor,https://www.google.com/maps?cid=6875706608678230300,https://www.instagram.com/pausco_/,NA,Pausco Plant Hire,,+61 433 107 974,4,1,f5hcgdr4Pr14BUpaP,manual_run,31 Hilton St,http://pausco.com.au/
Mordialloc VIC 3195,,AU,salesnsw@controlworks.com.au,,hvac_contractor,https://www.google.com/maps?cid=11922362777937150431,,https://www.linkedin.com/company/controlworks,Controlworks VIC Pty Ltd,,+61 3 9551 3008,5,1,f5hcgdr4Pr14BUpaP,manual_run,Unit 11/28/36 Japaddy St,http://www.controlworks.com.au/
Gnangara WA 6077,,AU,service@whiteair.net,NA,hvac_contractor,https://www.google.com/maps?cid=790299072661737155,https://www.instagram.com/whiteair.mechanical.services/,NA,White Air & Mechanical Services Pty Ltd,,+61 8 6305 0248,4,1,f5hcgdr4Pr14BUpaP,manual_run,Unit 7/10 Boom St,http://whiteair.net/
Pakenham VIC 3810,,AU,sales@rf.net.au,NA,hvac_contractor,https://www.google.com/maps?cid=10493050770191516205,NA,NA,Rapidflow Group,,+61 3 8595 2151,4.9,10,f5hcgdr4Pr14BUpaP,manual_run,23 Bormar Dr,http://www.rapidflowgroup.com/
Wetherill Park NSW 2164,,AU,info@ecosoul.com.au,https://www.facebook.com/people/Eco-Soul-Australia/61558097078672/,hvac_contractor,https://www.google.com/maps?cid=6121380138804591934,https://www.instagram.com/ecosoulaustralia/?igsh=ZXc3OG1pdWRiMDR3&utm_source=qr,,ecosoul,,+61 3 7044 8025,5,1,f5hcgdr4Pr14BUpaP,manual_run,48 Bentley St,http://ecosoul.com.au/
Fairfield NSW 2165,,AU,support@airmountaincom.com,https://www.facebook.com/airmountain.hvac,hvac_contractor,https://www.google.com/maps?cid=937391733816417146,https://www.instagram.com/airmountain_hvac_australia/,,Air Mountain Company,,+61 432 072 218,5,8,f5hcgdr4Pr14BUpaP,manual_run,60 Solo Cres,https://www.airmountaincom.com/home
Fyshwick ACT 2609,,AU,admin@hvaccanberra.com.au,,hvac_contractor,https://www.google.com/maps?cid=7144146797761312977,,,HVAC Canberra Pty Ltd,,+61 2 6280 6920,,,f5hcgdr4Pr14BUpaP,manual_run,27 Molonglo Mall,http://hvaccanberra.com.au/
Wyee NSW 2259,,AU,richard_matthews_awbs@outlook.com,https://www.facebook.com/wix,hvac_contractor,https://www.google.com/maps?cid=16573653082573304963,NA,https://www.linkedin.com/company/wix-com,Air & Water Balancing Services,,+61 452 263 365,,,f5hcgdr4Pr14BUpaP,manual_run,19 Pateman Pl,https://www.awbs.online/
Springvale VIC 3171,,AU,info@temproair.com.au,https://www.facebook.com/temprosolutions/,hvac_contractor,https://www.google.com/maps?cid=2922883095407140130,https://www.instagram.com/tempro_services/,NA,Tempro Services,,+61 3 9563 6078,,,f5hcgdr4Pr14BUpaP,manual_run,5/820 Princes Hwy,https://www.temproair.com.au/
Carrum Downs VIC 3201,,AU,craig@ecoaircon.com.au,NA,hvac_contractor,https://www.google.com/maps?cid=17631707748508821678,NA,NA,RYCO AIR SERVICES,,+61 3 9770 8081,5,2,f5hcgdr4Pr14BUpaP,manual_run,47 Frankston Gardens Dr,https://www.rycoair.com.au/
Frenchs Forest NSW 2086,,AU,contractfm@outlook.com.au,NA,hvac_contractor,https://www.google.com/maps?cid=1038407400502975108,NA,https://www.linkedin.com/company/contract-facilities-management-pty-ltd/,CFM,,+61 447 309 222,5,1,f5hcgdr4Pr14BUpaP,manual_run,9 Rabbett St,http://contractfm.com.au/
Crows Nest NSW 2065,,AU,sales@aircomfort.com.au,https://www.facebook.com/Air-Comfort-Co-of-Australia-Pty-Ltd-104508715360985,hvac_contractor,https://www.google.com/maps?cid=10563025519722649541,NA,NA,Air Comfort Co of Australia Pty Ltd,,+61 2 9439 3346,3.1,19,f5hcgdr4Pr14BUpaP,manual_run,30 Falcon St,https://www.aircomfort.com.au/
Putney NSW 2112,,AU,matt@pixelspread.com,NA,hvac_contractor,https://www.google.com/maps?cid=6077651503293466989,NA,NA,DalTech Air Conditioning,,+61 431 532 151,5,8,f5hcgdr4Pr14BUpaP,manual_run,23 Parry St,https://daltechairconditioning.com.au/
Sumner QLD 4074,,AU,info@ats-group.com.au,NA,hvac_contractor,https://www.google.com/maps?cid=13493972841387379624,https://www.instagram.com/advancedthermalservicesgroup/,https://www.linkedin.com/company/advancedthermalservicesgroup,Advanced Thermal Services Group Pty Ltd,,,,,f5hcgdr4Pr14BUpaP,manual_run,Unit 7/14 Spine St,https://ats-group.com.au/
Carole Park QLD 4300,,AU,admin@emsolutions.au,NA,hvac_contractor,https://www.google.com/maps?cid=525143830391334327,NA,NA,Enterprise Mechanical Solutions,,+61 491 200 907,,,f5hcgdr4Pr14BUpaP,manual_run,80 Mica St,http://emsolutions.au/
Malaga WA 6090,,AU,aas@aust-aircon.com.au,NA,hvac_contractor,https://www.google.com/maps?cid=17491493676824072467,NA,NA,Australian Airconditioning Services,,+61 8 9209 2520,4.2,5,f5hcgdr4Pr14BUpaP,manual_run,Unit 8/200 Camboon Rd,http://www.aust-aircon.com.au/
Osborne Park WA 6017,,AU,info@airvision.com.au,NA,hvac_contractor,https://www.google.com/maps?cid=7608522111709220846,https://www.instagram.com/av_chillers_data_solutions/,https://www.linkedin.com/company/airvision-pty-ltd,Airvision - chillers | data | solutions,,+61 8 9201 1546,4.8,5,f5hcgdr4Pr14BUpaP,manual_run,8/52 Frobisher St,http://www.airvision.com.au/
Campbellfield VIC 3061,,AU,accounts@4shc.com.au,NA,hvac_contractor,https://www.google.com/maps?cid=682719710077843669,NA,NA,Four Seasons Heating & Cooling,,+61 3 4443 0557,3.5,8,f5hcgdr4Pr14BUpaP,manual_run,4A Ari Dr,http://www.4shc.com.au/
Griffin QLD 4503,,AU,info@aushvactechnicalservices.com.au,https://www.facebook.com/AusHVAC,hvac_contractor,https://www.google.com/maps?cid=487141098323765078,https://www.instagram.com/aushvactechnicalservices,NA,Aus HVAC Technical Services,,+61 427 667 705,4,1,f5hcgdr4Pr14BUpaP,manual_run,3 Prussian St,http://aushvactechnicalservices.com.au/
Taren Point NSW 2229,,AU,kieran@inlinemi.com.au,NA,hvac_contractor,https://www.google.com/maps?cid=4644356147888387407,NA,NA,Inline Mechanical Installations,,+61 2 9538 3839,,,f5hcgdr4Pr14BUpaP,manual_run,Unit 9/21 Bay Rd,http://www.inlinemi.com.au/
Sheldon QLD 4157,,AU,jason@nyeindustries.com.au,https://www.facebook.com/NyeIndustriesAirConditioning/,hvac_contractor,https://www.google.com/maps?cid=12219278952932797197,,http://www.linkedin.com/company/nye-industries-air-conditioning-&-mechanical-services,Nye Industries Air Conditioning & Mechanical Services,,+61 422 083 735,5,1,f5hcgdr4Pr14BUpaP,manual_run,Campbell Rd,http://www.nyeindustries.com.au/
Glynde SA 5070,,AU,sales@allseasonsair.com.au,NA,hvac_contractor,https://www.google.com/maps?cid=15652012147750323494,NA,NA,All Seasons Air Conditioning,,+61 8 8337 1624,3.6,28,f5hcgdr4Pr14BUpaP,manual_run,8 Penna Ave,http://www.allseasonsair.com.au/
Keysborough VIC 3173,,AU,service@cc-air.com.au,NA,hvac_contractor,https://www.google.com/maps?cid=7905401557385797566,NA,NA,Croft Contracting,,+61 3 9796 5721,4.7,3,f5hcgdr4Pr14BUpaP,manual_run,1/7 Arctic Ct,http://www.croftcontracting.com.au/
Mount Waverley VIC 3149,,AU,sales@dlzgroup.com.au,NA,hvac_contractor,https://www.google.com/maps?cid=15696221403810836076,NA,NA,DLZ Group Pty Ltd,,+61 411 893 680,4.4,8,f5hcgdr4Pr14BUpaP,manual_run,71 Ricketts Rd,https://www.dlzgroup.com.au/
Sandgate NSW 2304,,AU,admin@extramileservices.com.au,https://www.facebook.com/extramileairandsolar,hvac_contractor,https://www.google.com/maps?cid=7778725456180050839,https://www.instagram.com/extramileairsolar/,NA,Extra Mile Air and Solar,,+61 452 067 902,5,6,f5hcgdr4Pr14BUpaP,manual_run,Site 7/7 Friesian Cl,https://www.extramileservices.com.au/
Northam WA 6401,,AU,Shoreair@outlook.com,https://www.facebook.com/profile.php?id=61554027052025&mibextid=wwXIfr&mibextid=wwXIfr,hvac_contractor,https://www.google.com/maps?cid=8744346815183916999,,,Shore Refrigeration & Air,,+61 419 425 951,5,2,f5hcgdr4Pr14BUpaP,manual_run,17 Weld St,https://www.facebook.com/profile.php?id=61554027052025&mibextid=wwXIfr&mibextid=wwXIfr
Winnellie NT 0820,,AU,info@espec.com.au,https://www.facebook.com/PHElectricalDarwin/,hvac_contractor,https://www.google.com/maps?cid=10098965826673223828,NA,https://www.linkedin.com/company/19040520/admin/,ESPEC,,+61 8 8948 1585,5,2,f5hcgdr4Pr14BUpaP,manual_run,Unit 5/66 Coonawarra Rd,http://www.espec.com.au/
Bulli NSW 2516,,AU,service@airexchange.com.au,https://www.facebook.com/airexchangeappliedcoolingspecialaits/,hvac_contractor,https://www.google.com/maps?cid=156075074901866209,https://www.instagram.com/air_exchange_applied_cooling/,NA,Air Exchange Applied Cooling,,+61 407 502 135,,,f5hcgdr4Pr14BUpaP,manual_run,Unit 6/177B Princes Hwy,
Port Kennedy WA 6172,,AU,info@dustman.com.au,https://www.facebook.com/dustman.com.au,hvac_contractor,https://www.google.com/maps?cid=12620553763607514300,NA,https://www.linkedin.com/company/dust-management-services,Dust Management Services Pty Ltd,,+61 1300 990 808,5,1,f5hcgdr4Pr14BUpaP,manual_run,6 Beardsley St,http://www.dustman.com.au/
Murray Bridge SA 5253,,AU,admin@mhcool.com.au,https://www.facebook.com/murrayheatingandcoolingau/?_rdr,hvac_contractor,https://www.google.com/maps?cid=12360671771220126050,https://www.instagram.com/murrayheatingandcoolingau?fbclid=IwY2xjawF5s_FleHRuA2FlbQIxMAABHcA6CU4Zw5sNV7JNkoudeZfziBuBlQEOBSQls-A0vIqVWf1HkVhht1MgXQ_aem_-uDSA2oKF8fZX3axBkyhrQ,https://www.linkedin.com/company/murray-heating-&-cooling-australia/about/,Murray Heating & Cooling,,+61 8 8532 2973,3.7,39,f5hcgdr4Pr14BUpaP,manual_run,35 Mary Terrace,http://www.murrayheatingandcooling.com.au/
Thornleigh NSW 2120,,AU,service@kaizenair.com.au,https://www.facebook.com/kaizenairconditioning/,hvac_contractor,https://www.google.com/maps?cid=1758849268361837962,https://www.instagram.com/kaizenairconditioning/,NA,Kaizen Air Conditioning,,+61 2 9980 9019,5,3,f5hcgdr4Pr14BUpaP,manual_run,Unit 25/7 Sefton Rd,http://www.kaizenair.com.au/
North Geelong VIC 3215,,AU,salesteam@modcons.com.au,,hvac_contractor,https://www.google.com/maps?cid=9112983009755720245,,,Mod Cons Custom,,+61 1300 555 933,4.2,20,f5hcgdr4Pr14BUpaP,manual_run,Unit 21/282 Thompson Rd,https://www.modcons.com.au/
Chatswood NSW 2067,,AU,sales@floline.com.au,NA,hvac_contractor,https://www.google.com/maps?cid=9201929944454934725,NA,NA,Floline Pty Ltd,,+61 2 8006 2639,,,f5hcgdr4Pr14BUpaP,manual_run,Shop 212/75 Archer St,http://floline.com.au/
Wingfield SA 5013,,AU,enquiry@coldlogic.com.au,https://www.facebook.com/Cold-Logic-226044627424890/,hvac_contractor,https://www.google.com/maps?cid=13595708911695616958,NA,https://www.linkedin.com/company/cold-logic/,Cold Logic Pty Ltd,,+61 8 8240 3333,,,f5hcgdr4Pr14BUpaP,manual_run,38/40 Wingfield Rd,http://www.coldlogic.com.au/
Carrum Downs VIC 3201,,AU,robert@coollogic.com.au,https://www.facebook.com/Coollogichvac/,hvac_contractor,https://www.google.com/maps?cid=6976385583270080536,,,Cool Logic,,+61 3 9775 0125,,,f5hcgdr4Pr14BUpaP,manual_run,71 Frankston Gardens Dr,http://coollogic.com.au/
Chipping Norton NSW 2170,,AU,service@tvhs.com.au,https://www.facebook.com/totalventilationhygiene,hvac_contractor,https://www.google.com/maps?cid=14738023529882397083,NA,https://www.linkedin.com/company/total-ventilation-hygiene,Total Ventilation Hygiene Services,,+61 1300 557 999,3.2,9,f5hcgdr4Pr14BUpaP,manual_run,Unit 1/25-33 Alfred Rd,http://www.tvhs.com.au/
Wentworthville NSW 2145,,AU,info@boseair.com.au,NA,hvac_contractor,https://www.google.com/maps?cid=7437441686473252934,NA,NA,Bose Air Pty Ltd,,+61 405 013 247,,,f5hcgdr4Pr14BUpaP,manual_run,Unit 15/36-38 Darcy Rd,http://boseair.com.au/
Unit 4/30 Stubbs St,Silverwater NSW 2128,AU,mail@riteflo.com.au,NA,hvac_contractor,https://www.google.com/maps?cid=3824732504972013549,NA,NA,RiteFlo,,+61 2 9981 2210,4.9,28,f5hcgdr4Pr14BUpaP,manual_run,20,https://www.riteflo.com.au/?utm_source=gmb&utm_medium=organic&utm_campaign=GMB
Wantirna South VIC 3152,,AU,hello@ductsaddles.com.au,NA,hvac_contractor,https://www.google.com/maps?cid=12436534351087044868,NA,NA,DUCT SADDLE STRAPPING SYSTEM,,+61 1300 030 387,,,f5hcgdr4Pr14BUpaP,manual_run,Knox City Shopping Centre 4425,http://ductsaddles.com.au/
Ground Floor/130 Bundall Rd,Bundall QLD 4217,AU,mail@de-air.com.au,https://www.facebook.com/de.aircon/,hvac_contractor,https://www.google.com/maps?cid=381266366457922151,https://www.instagram.com/de.aircon/,https://www.linkedin.com/company/707620/,D&E Air Conditioning Pty Limited (Gold Coast),,+61 7 3175 4999,,,f5hcgdr4Pr14BUpaP,manual_run,Suite 1,https://www.de-air.com.au/
Carrum Downs VIC 3201,,AU,enquiries@elitemechsolutions.com.au,https://www.facebook.com/Elitemechsolutions/,hvac_contractor,https://www.google.com/maps?cid=895809272318748824,https://www.instagram.com/elite_mech_solutions/,,Elite Mechanical Solutions Pty Ltd,,+61 3 9775 1700,4,4,f5hcgdr4Pr14BUpaP,manual_run,Unit 2/12 Network Dr,https://elitemechsolutions.com.au/
Kingaroy QLD 4610,,AU,info@kingaroyref.com.au,https://www.facebook.com/KINGAROYREF/,hvac_contractor,https://www.google.com/maps?cid=6788674733824992955,https://www.instagram.com/kingaroy_refrigeration/,,Kingaroy Refrigeration & Air-Conditioning,,+61 7 4162 4707,4,25,f5hcgdr4Pr14BUpaP,manual_run,135 Youngman St,http://www.kingaroyref.com.au/
Lane Cove West NSW 2066,,AU,info@pacman.com.au,NA,hvac_contractor,https://www.google.com/maps?cid=6867522613715825656,NA,NA,Pacman Air,,+61 2 9540 1155,,,f5hcgdr4Pr14BUpaP,manual_run,Unit 8/1 Chaplin Dr,http://pacmanair.com.au/
Hallam VIC 3803,,AU,Accounts@chalcotheating.com.au,NA,hvac_contractor,https://www.google.com/maps?cid=6985263495565955524,NA,NA,Chalcot Heating & Air Conditioning (Vic),,+61 3 9796 5929,4.4,38,f5hcgdr4Pr14BUpaP,manual_run,17-23 Keppel Dr,https://chalcotheating.com.au/
Southern River WA 6110,,AU,webmaster@cracs.com.au,NA,hvac_contractor,https://www.google.com/maps?cid=6857122592154632022,NA,NA,CR & ACS,,+61 423 953 241,5,169,f5hcgdr4Pr14BUpaP,manual_run,27 Millstream Dr,http://cracs.com.au/
Chelsea Heights VIC 3196,,AU,vitogiarratana@bigpond.com,NA,hvac_contractor,https://www.google.com/maps?cid=13602359150180023297,NA,NA,V&G Refrigeration Services Pty Ltd,,+61 3 9776 1375,5,36,f5hcgdr4Pr14BUpaP,manual_run,Factory 5/271 Wells Rd,http://vgrefrigeration.com.au/
Box Hill North VIC 3129,,AU,info@cortrols.com.au,NA,hvac_contractor,https://www.google.com/maps?cid=18087004093414521196,NA,NA,Cortrols Temperature Systems,,+61 3 9890 8544,5,5,f5hcgdr4Pr14BUpaP,manual_run,Factory 8/58 Lexton Rd,http://cortrols.com.au/
Coolaroo VIC 3048,,AU,info@ecoassetsmanager.com.au,,hvac_contractor,https://www.google.com/maps?cid=6135234702827402106,,,ECO ASSETS MANAGER,,+61 3 9939 3036,,,f5hcgdr4Pr14BUpaP,manual_run,36 Zakwell Ct,https://www.ecoassetsmanager.com.au/
Regency Park SA 5010,,AU,info@ttrefrig.net.au,NA,hvac_contractor,https://www.google.com/maps?cid=10994886328369881140,NA,NA,Tri Tech Refrigeration SA,,+61 8 8243 0931,,,f5hcgdr4Pr14BUpaP,manual_run,U14/10-12 Opala St,http://ttrefrig.com.au/
Milperra NSW 2214,,AU,service@linkmechanical.com.au,,hvac_contractor,https://www.google.com/maps?cid=15334997017908532314,,,Link Mechanical Solutions Pty Ltd,,+61 1300 681 747,,,f5hcgdr4Pr14BUpaP,manual_run,2/211 Beaconsfield St,https://www.linkmechanical.com.au/
Ingleburn NSW 2565,,AU,acsalesonline@aircond-dc.com,https://www.facebook.com/messages/t/111255121638424,hvac_contractor,https://www.google.com/maps?cid=3654940071553438579,NA,NA,Aircond Design & Construct Pty Ltd,,+61 2 8712 2725,4.9,12,f5hcgdr4Pr14BUpaP,manual_run,6/79 Williamson Rd,https://livinggreenstar.com.au/
Yatala QLD 4207,,AU,mike@coolingtowersolutions.com.au,NA,hvac_contractor,https://www.google.com/maps?cid=6580164388407232907,NA,NA,Cooling Tower Solutions,,+61 419 000 736,,,f5hcgdr4Pr14BUpaP,manual_run,1/26 Octal St,http://www.coolingtowersolutions.com.au/
Clyde North VIC 3978,,AU,info@hipages.com.au,https://www.facebook.com/hipages,hvac_contractor,https://www.google.com/maps?cid=18007393117222426329,https://instagram.com/hipages/,https://www.linkedin.com/company/hipages-group,mvs heating & cooling,,+61 1300 041 765,,,f5hcgdr4Pr14BUpaP,manual_run,13 Landrace Way,http://mvsheatingandcooling.com.au/
Gladesville NSW 2111,,AU,frontdesk@accessengineering.systems,https://www.facebook.com/accessgroupsolutions/,hvac_contractor,https://www.google.com/maps?cid=704055205190880117,NA,https://www.linkedin.com/company/access-group-solutions/,ACCESS ENGINEERING SYSTEMS,,+61 1300 366 707,3,2,f5hcgdr4Pr14BUpaP,manual_run,129 Victoria Rd,http://accessengineering.systems/
Kilsyth South VIC 3137,,AU,janita@sonflow.com.au,https://www.facebook.com/SonFlowPumpsPHE,hvac_contractor,https://www.google.com/maps?cid=941328640646191549,NA,https://www.linkedin.com/company/sonflow-a-s,SonFlow Australia Pty Ltd,,+61 3 9754 2852,3,2,f5hcgdr4Pr14BUpaP,manual_run,Unit 9/1-3 Eastspur Ct,http://sonflow.com.au/
Canning Vale WA 6155,,AU,sales@airventswa.com.au,NA,hvac_contractor,https://www.google.com/maps?cid=6917393027829997864,NA,NA,Airvents WA,,+61 8 9467 5977,5,1,f5hcgdr4Pr14BUpaP,manual_run,2/19 Meares Way,http://www.airventswa.com.au/
Fyshwick ACT 2609,,AU,damon.bird@ghd.com,https://www.facebook.com/pages/Control-Electric-Pty-Ltd/687166354701416?ref_type=bookmark,hvac_contractor,https://www.google.com/maps?cid=6426004198182219871,NA,NA,Control & Electric,,+61 2 6299 6233,3.8,4,f5hcgdr4Pr14BUpaP,manual_run,Unit 16/105 Newcastle St,http://www.controlandelectric.com.au/
Patterson Lakes VIC 3197,,AU,aceairconditioningvic@hotmail.com,NA,hvac_contractor,https://www.google.com/maps?cid=13891159703090645112,NA,NA,Ace Airconditioning (VIC),,+61 413 006 227,5,2,f5hcgdr4Pr14BUpaP,manual_run,Unit 3/2 Nanda Ct,https://www.aceairconditioningvic.com.au/
Narrabundah ACT 2604,,AU,info@optimumair.com.au,,hvac_contractor,https://www.google.com/maps?cid=3755736696922048662,,,OptimumAir Pty Ltd,,+61 481 322 324,5,9,f5hcgdr4Pr14BUpaP,manual_run,174 Captain Cook Cres,https://www.optimumair.com.au/
Revesby NSW 2212,,AU,info@rheemthermal.com.au,,hvac_contractor,https://www.google.com/maps?cid=4254744587214369567,,,Accent Air,,+61 2 9684 3684,4.9,11,f5hcgdr4Pr14BUpaP,manual_run,43 Marigold St,http://rheemthermal.com.au/
Richmond NSW 2753,,AU,laurie@micro-air.com.au,NA,hvac_contractor,https://www.google.com/maps?cid=9979678703644476177,NA,NA,Micro-air Pty Ltd,,+61 1300 464 276,,,f5hcgdr4Pr14BUpaP,manual_run,16 Hobart St,http://www.micro-air.com.au/
Oakleigh South VIC 3167,,AU,info@airkorp.com.au,https://www.facebook.com/airkorpaustralia/,hvac_contractor,https://www.google.com/maps?cid=5153143233487557597,NA,https://www.linkedin.com/company/airkorp-australia-pty-ltd/,Airkorp Australia Pty Ltd,,+61 1300 247 567,5,1,f5hcgdr4Pr14BUpaP,manual_run,18A Manton Rd,http://www.airkorp.com.au/
Kunda Park QLD 4556,,AU,service@airboar.com.au,,hvac_contractor,https://www.google.com/maps?cid=5564956992342580518,,,Air Boar,,+61 1300 112 627,,,f5hcgdr4Pr14BUpaP,manual_run,Unit 1/35 Enterprise St,http://airboar.com.au/
Nerang QLD 4211,,AU,enquiries@agileequipmenthire.com.au,https://www.facebook.com/AgileEquipmentHire,hvac_contractor,https://www.google.com/maps?cid=14129492450697675166,,https://www.linkedin.com/company/agile-equipment-hire,Air Conditioner Hire Gold Coast,,+61 7 5554 8519,,,f5hcgdr4Pr14BUpaP,manual_run,Unit 1125/4 Lawrence Dr,http://airconditionerhire.com.au/
Cranbourne West VIC 3977,,AU,info@geothermalindustries.com.au,https://www.facebook.com/geothermalindustries,hvac_contractor,https://www.google.com/maps?cid=4151114314049566893,https://www.instagram.com/geothermal_industries/,https://www.linkedin.com/company/geothermal-industries,Geothermal Industries Australia Pty Ltd,,+61 3 8899 7890,,,f5hcgdr4Pr14BUpaP,manual_run,Unit 1/15-17 Paramount Blvd,http://geothermalindustries.com.au/
